tweetid,sentiment
1360378130490249217,Positive
1360378123229908992,Positive
1360377006865608705,Neutral
1360375538217414658,Positive
1360375357723971589,Negative
1360372124121059330,Neutral
1360370662406168579,Negative
1360369988876468225,Negative
1360366456832028672,Negative
1360365927137644544,Positive
1360365563252363264,Neutral
1360365119549493249,Negative
1360360596126900234,Positive
1360360034480185345,Neutral
1360358994766794752,Negative
1360358299326050305,Neutral
1360353204567904256,Neutral
1360349146377408514,Neutral
1360341793951289347,Neutral
1360339304749232129,Negative
1360329385002209280,Positive
1360314084135079936,Positive
1360313640222564352,Negative
1360311935523188736,Positive
1360310357470765063,Negative
1360309183036334080,Neutral
1360307852535951364,Neutral
1360306323259154432,Neutral
1360297309309784064,Neutral
1360296687210692608,Neutral
1360295342890045442,Neutral
1360293596549718016,Positive
1360293503658455043,Neutral
1360291975702802434,Neutral
1360291934934237184,Negative
1360289514237796354,Neutral
1360288987080921088,Positive
1360288198430101505,Positive
1360287670920859648,Negative
1360286973693358081,Neutral
1360286625968791552,Negative
1360286222233444353,Negative
1360284806634872834,Positive
1360283884508782592,Negative
1360283052866367493,Neutral
1360282379231797252,Negative
1360282124838858755,Negative
1360279324809515008,Neutral
1360278817282002944,Negative
1360278519255715844,Neutral
1360277595808362496,Neutral
1360276795312852992,Neutral
1360275197262135297,Negative
1360274991116218375,Neutral
1360274867560407042,Negative
1360274725956558849,Neutral
1360271396924887044,Neutral
1360271265357959171,Neutral
1360270311967522819,Neutral
1360270243092860933,Negative
1360269934547279873,Neutral
1360269451577356293,Neutral
1360269216314650624,Neutral
1360268146041450501,Neutral
1360266043860504578,Negative
1360264313294917634,Negative
1360263765883645952,Negative
1360261879436771328,Neutral
1360261445825433601,Neutral
1360260742465789958,Positive
1360258871785189378,Neutral
1360257016610971650,Neutral
1360256339323195395,Negative
1360256333543403523,Positive
1360255855073976326,Positive
1360255378542321665,Negative
1360254966695305217,Negative
1360254833584861186,Neutral
1360254003431411717,Neutral
1360253918056337408,Negative
1360253374210314240,Negative
1360251335182962692,Neutral
1360250908186009604,Neutral
1360250894873292801,Positive
1360250853920104452,Neutral
1360250775075655680,Negative
1360250350393991169,Neutral
1360250185838862343,Neutral
1360248231955845128,Neutral
1360247857110863878,Negative
1360247724998762498,Neutral
1360246922762620928,Neutral
1360246095259996163,Neutral
1360245623862136837,Positive
1360244946003918851,Positive
1360244889334685699,Negative
1360244590171758592,Neutral
1360244307169476609,Positive
1360243862694862853,Positive
1360243744604188680,Positive
1360243652249804807,Positive
1360243089030320130,Positive
1360242744732471299,Neutral
1360242699186679811,Neutral
1360242357371740160,Negative
1360242313046355969,Neutral
1360241927057100804,Negative
1360241375334211585,Neutral
1360241144290942979,Negative
1360240718120247299,Positive
1360240679738253312,Negative
1360240068359671808,Neutral
1360239633200726016,Positive
1360238829156720652,Neutral
1360238375534350340,Positive
1360238078573518849,Negative
1360238068867846147,Positive
1360237946331230209,Neutral
1360237003455881222,Positive
1360236450680250368,Positive
1360236441473748993,Neutral
1360236219469234177,Negative
1360235758091595781,Negative
1360235449067868170,Negative
1360235190333808640,Neutral
1360234682554621958,Neutral
1360233706753957890,Neutral
1360233285364813826,Negative
1360232763966648320,Negative
1360232702499147783,Negative
1360230464011661319,Neutral
1360229552773992449,Negative
1360229262112956419,Neutral
1360228146516168705,Negative
1360227950583373828,Neutral
1360227409212002307,Positive
1360227331948748806,Neutral
1360227217129627650,Neutral
1360227159520931841,Neutral
1360227105557016577,Neutral
1360226839940063232,Negative
1360226697316945921,Neutral
1360226551044796425,Negative
1360226547790086144,Neutral
1360226307271839748,Neutral
1360225384210468870,Neutral
1360224617026097153,Negative
1360223695877279750,Positive
1360222383739523072,Negative
1360222233969401857,Neutral
1360221290284548097,Negative
1360221212786401283,Positive
1360221204288729088,Positive
1360221056720465920,Positive
1360220877464346625,Negative
1360220567240990726,Neutral
1360219516802801669,Negative
1360219513816424453,Neutral
1360218884536602631,Negative
1360218632043732993,Neutral
1360217896664723457,Negative
1360216957925003269,Neutral
1360216165675458560,Positive
1360216161510596611,Neutral
1360215947622031365,Positive
1360215782974607370,Positive
1360215670261043201,Positive
1360214479674302468,Positive
1360214427635646470,Negative
1360214268465975297,Negative
1360213043636883456,Negative
1360211333271101446,Positive
1360211116660465669,Negative
1360210731279392774,Positive
1360208786716205060,Negative
1360206776042352645,Negative
1360206449738010625,Positive
1360206356792320001,Neutral
1360205653176848390,Positive
1360205321122107394,Neutral
1360205066158841856,Negative
1360204848004702208,Neutral
1360204382831185926,Neutral
1360204140354310149,Positive
1360204043709161474,Negative
1360203576258121728,Neutral
1360202618425856001,Negative
1360201936801128451,Negative
1360201928794202113,Positive
1360201672706822151,Neutral
1360201336290226176,Negative
1360200703747084292,Positive
1360200432354693127,Neutral
1360199252354322432,Positive
1360199167277035522,Neutral
1360198639272878086,Neutral
1360198553314881542,Positive
1360198245599698945,Neutral
1360198158056267788,Neutral
1360197825389207553,Positive
1360197509960798216,Neutral
1360197329500786689,Negative
1360197114500841477,Positive
1360196912607940611,Neutral
1360196522055372803,Neutral
1360196342832787456,Neutral
1360196219755106306,Positive
1360196121113468932,Negative
1360195670259290113,Neutral
1360195638667874304,Positive
1360195611727810560,Neutral
1360195401618313227,Positive
1360195080586334208,Negative
1360195005659316225,Neutral
1360194895126794241,Neutral
1360194722803798020,Neutral
1360194667933888514,Negative
1360194658698100742,Negative
1360194263582208004,Negative
1360192978875076609,Neutral
1360192147459174400,Negative
1360191217217118208,Neutral
1360190559634137091,Neutral
1360190312728043523,Neutral
1360190210110152708,Negative
1360189343432724480,Neutral
1360188737557204997,Neutral
1360188337428910082,Neutral
1360188325441642500,Neutral
1360186852972531712,Negative
1360186422343258116,Negative
1360186359269388296,Negative
1360186296900022273,Neutral
1360186129656410114,Neutral
1360183057693569028,Positive
1360181753499979786,Negative
1360181072357593089,Negative
1360181061649530881,Negative
1360180143369588736,Neutral
1360178959661494273,Neutral
1360178580924239872,Neutral
1360176276544376833,Negative
1360175634140418050,Neutral
1360175465995005956,Negative
1360174012157018113,Positive
1360173028030566400,Negative
1360169480475664386,Neutral
1360168439382376452,Negative
1360166048587153412,Neutral
1360165567835951104,Neutral
1360164683831865347,Neutral
1360163821982162946,Negative
1360163117393604611,Positive
1360162845527187462,Negative
1360162477649010691,Neutral
1360162204830502913,Neutral
1360161956573847556,Neutral
1360161342297051137,Neutral
1360161135484280834,Positive
1360159665905045508,Positive
1360157462255472641,Positive
1360157023308947456,Neutral
1360156111123345411,Positive
1360155879669067779,Positive
1360155669169463297,Neutral
1360155536130404355,Negative
1360155226578190338,Neutral
1360154451919556608,Positive
1360152793634328578,Negative
1360152721924345864,Positive
1360151467294748673,Positive
1360151085701234690,Negative
1360150737750167552,Negative
1360148831929704448,Neutral
1360148479566180352,Neutral
1360147841302204417,Neutral
1360146355746787333,Negative
1360145593482366976,Neutral
1360143934157070338,Neutral
1360143545386954758,Positive
1360143522360270850,Neutral
1360143508691013637,Neutral
1360143342923784197,Neutral
1360141678246391813,Negative
1360141096878174211,Negative
1360140986861580291,Negative
1360140421121200128,Positive
1360139512521707521,Neutral
1360138963063771136,Neutral
1360138327253413891,Negative
1360136837684027392,Positive
1360136723427115009,Negative
1360134765593063428,Neutral
1360134681639800840,Positive
1360133701330292739,Negative
1360133524313939969,Negative
1360132286436413441,Positive
1360132035289911296,Neutral
1360131823766966273,Neutral
1360131591020765185,Neutral
1360130911694516225,Negative
1360127463846682630,Positive
1360127189107183618,Neutral
1360126333167173638,Positive
1360125662892228609,Positive
1360125501688270848,Neutral
1360122782432907265,Positive
1360121625488748544,Positive
1360120353201135616,Positive
1360119858189398018,Neutral
1360118920192036864,Negative
1360118715946213380,Neutral
1360117796038877186,Negative
1360117540920303616,Neutral
1360116441161240579,Negative
1360115769669865473,Negative
1360115615671881729,Positive
1360115251920867329,Positive
1360115066754879491,Positive
1360113927342837761,Negative
1360113877493579778,Neutral
1360113195445145601,Negative
1360113001315979266,Neutral
1360112928641327104,Neutral
1360112722659057664,Neutral
1360112390843424775,Positive
1360111668697522178,Neutral
1360111323338608641,Negative
1360110963937087489,Negative
1360109879789121536,Positive
1360108976348667906,Negative
1360108932950183937,Neutral
1360107659769180160,Negative
1360107399772737539,Neutral
1360105721359069186,Neutral
1360105581596397571,Neutral
1360105391950974976,Positive
1360104109689348097,Neutral
1360104085005869057,Negative
1360103929258811396,Positive
1360103283033972741,Neutral
1360099483833389056,Neutral
1360099084934074370,Neutral
1360098850468286466,Neutral
1360097695524810755,Neutral
1360097305307713541,Neutral
1360095039167234048,Negative
1360093536427757571,Negative
1360093401413160965,Positive
1360093224430276608,Negative
1360093113545420804,Negative
1360092330443763713,Negative
1360090990309068800,Negative
1360090870934999041,Neutral
1360090644207734786,Positive
1360089647238447105,Negative
1360089611075080198,Negative
1360089390781919234,Negative
1360089273102344196,Negative
1360089234208563204,Negative
1360088619327889410,Neutral
1360088430353371139,Positive
1360088357582213120,Negative
1360088138316611584,Negative
1360088101926805504,Neutral
1360087873580503042,Neutral
1360087851526856706,Negative
1360087795805528066,Negative
1360087750356049921,Negative
1360086907640631296,Positive
1360086850979827712,Negative
1360086510087802880,Negative
1360086329640382466,Negative
1360086303358951424,Negative
1360086291086413825,Positive
1360085403487772681,Negative
1360084525041160192,Negative
1360084423459237891,Negative
1360084332774182914,Negative
1360083918284759048,Negative
1360081866326380544,Positive
1360080839204249602,Neutral
1360080756459016194,Negative
1360080155125837824,Negative
1360080042659696641,Negative
1360079978021310468,Negative
1360079971356602368,Negative
1360079905610862593,Negative
1360079814875439110,Negative
1360079798886801418,Negative
1360079500483076103,Negative
1360079220584583171,Positive
1360079163604963328,Negative
1360079050555879424,Positive
1360078672858730497,Negative
1360078659919306756,Negative
1360078576284913666,Negative
1360077538681257984,Negative
1360077437522989057,Negative
1360077175815213056,Negative
1360076741876744193,Neutral
1360076387286093825,Negative
1360076314498138112,Positive
1360074822970081281,Positive
1360073792089780226,Negative
1360073703535509507,Neutral
1360072782252367874,Negative
1360072444682244099,Positive
1360071532718919680,Negative
1360070232761540611,Neutral
1360070019959250945,Negative
1360069735606439939,Neutral
1360069501631401986,Negative
1360068912872759296,Negative
1360068410629971969,Negative
1360066430717239298,Neutral
1360066423440121856,Neutral
1360065771536142336,Negative
1360063301124714498,Neutral
1360062840523005965,Negative
1360062598503309312,Positive
1360062056670498817,Positive
1360060602811445248,Negative
1360059895672958977,Positive
1360059135300014080,Negative
1360058690573721603,Neutral
1360058616858832896,Neutral
1360057367933509632,Neutral
1360056988332220416,Neutral
1360056437796347904,Neutral
1360056421044285441,Positive
1360056068521422852,Neutral
1360056040495009792,Negative
1360055962686558210,Neutral
1360055669118832643,Negative
1360055645114757123,Positive
1360054882099752964,Positive
1360054182183464960,Neutral
1360053956102090753,Negative
1360053556825362436,Negative
1360051573695594498,Neutral
1360051568221933571,Negative
1360050919069474818,Negative
1360050476322988032,Neutral
1360049983471325184,Positive
1360049555790680066,Positive
1360049092437499904,Neutral
1360047434915741698,Negative
1360045944411090944,Negative
1360045930427256834,Neutral
1360044355310915585,Neutral
1360043203890618372,Negative
1360040760922411009,Positive
1360035588309540865,Negative
1360035532617646080,Neutral
1360033896079912960,Neutral
1360032202843586561,Negative
1360031377299623938,Neutral
1360030737219481600,Positive
1360028462933704704,Negative
1360028287733436416,Positive
1360027832211046400,Positive
1360026613375639553,Neutral
1360026233006788610,Positive
1360024815508197386,Positive
1360023163493486596,Positive
1360017753529225216,Negative
1360011476837142528,Neutral
1360010933347647490,Positive
1360008811872878593,Neutral
1360007754451091457,Neutral
1360005664173477888,Negative
1360005294688935937,Positive
1360002920272470017,Positive
1360001186657669125,Positive
1360000916745670662,Positive
1359999577076551684,Negative
1359998181736546306,Neutral
1359996360892637186,Neutral
1359996175907102721,Negative
1359995990099468288,Negative
1359991253572616192,Neutral
1359990038533083140,Neutral
1359987639684894727,Negative
1359987340265988098,Negative
1359987275732451329,Negative
1359986905589325827,Negative
1359984720159756289,Negative
1359982696978554881,Negative
1359978934247378944,Positive
1359978778408017920,Neutral
1359974058343845890,Neutral
1359973912193323010,Negative
1359969788877918208,Negative
1359950861766516736,Neutral
1359940635046760448,Negative
1359940436383526912,Negative
1359938019164213248,Neutral
1359935967981805569,Positive
1359932942592602112,Neutral
1359932538915938307,Neutral
1359932284476903424,Negative
1359930714758672387,Negative
1359930316069040128,Neutral
1359929236169969664,Neutral
1359928900759875584,Positive
1359926558648008710,Negative
1359924452197208067,Negative
1359924109845532673,Negative
1359924041872601090,Neutral
1359923882220683265,Neutral
1359918581429927936,Negative
1359916976651395073,Neutral
1359916314660249602,Positive
1359915868965113856,Negative
1359915459043237888,Positive
1359915174287663112,Neutral
1359914952509673475,Positive
1359913292743938049,Positive
1359912690949316614,Neutral
1359912419154227201,Negative
1359910714131943430,Negative
1359910357095960578,Positive
1359909176344858625,Negative
1359908814955237377,Negative
1359908658612588548,Neutral
1359908293909442560,Negative
1359908024698085378,Negative
1359907538158817281,Neutral
1359906418497753093,Negative
1359905928011677696,Neutral
1359905726559178753,Negative
1359905183388454912,Positive
1359905117709864960,Positive
1359904651873636358,Positive
1359903718120984577,Neutral
1359903142083653635,Positive
1359902872314335232,Neutral
1359902104022781953,Neutral
1359901794986389505,Positive
1359901270438383616,Neutral
1359901192755662851,Positive
1359900523646779392,Neutral
1359900398048321537,Neutral
1359899564858216451,Neutral
1359898276904931329,Negative
1359898138765447168,Neutral
1359896660160040962,Negative
1359896612210843650,Neutral
1359895669444497408,Neutral
1359895571352326150,Neutral
1359895269911875588,Positive
1359894950557618180,Negative
1359894893791825921,Neutral
1359894712946106369,Neutral
1359894691492229122,Negative
1359894202759278594,Neutral
1359894117031895047,Neutral
1359894031476477952,Positive
1359893838026862592,Neutral
1359893348496986123,Negative
1359893165793157121,Negative
1359892852340187138,Positive
1359892476690006018,Neutral
1359891729390837768,Neutral
1359891435655360518,Positive
1359890936063430661,Neutral
1359890685030133760,Negative
1359890540788031489,Neutral
1359890104978837508,Neutral
1359890029867278342,Positive
1359889649146101762,Neutral
1359888132376694785,Neutral
1359887836996980739,Neutral
1359887781468598272,Positive
1359887102016581632,Positive
1359886467812626433,Negative
1359886336098930691,Negative
1359886205366673409,Neutral
1359886040979283970,Positive
1359885973589348352,Positive
1359885878512943104,Positive
1359885648602099716,Neutral
1359884904981356547,Neutral
1359884077663309826,Negative
1359884045446901762,Positive
1359883036075073543,Negative
1359882924431003648,Negative
1359882719644196870,Neutral
1359882660093382663,Neutral
1359882051856392199,Negative
1359881943916052480,Neutral
1359880993180581894,Neutral
1359880344627859458,Positive
1359880183365308416,Neutral
1359879995791822848,Neutral
1359879967220191238,Neutral
1359879434497454081,Neutral
1359878848452587522,Neutral
1359878655275458564,Neutral
1359878000376832003,Negative
1359877853081346061,Negative
1359877786555453441,Negative
1359877512180867074,Neutral
1359876380134043649,Neutral
1359876055260041219,Negative
1359875174468755462,Positive
1359875094286266369,Negative
1359874932679745537,Neutral
1359874769353465859,Positive
1359873836255072258,Positive
1359873555547054090,Neutral
1359872905169969155,Negative
1359872595219255296,Neutral
1359872379732643844,Neutral
1359872001033129985,Neutral
1359871901263224841,Negative
1359871860389732352,Negative
1359871574472486914,Positive
1359871073941028864,Neutral
1359870800728236034,Neutral
1359870432929714182,Positive
1359870270777905159,Neutral
1359870191975288834,Neutral
1359869923577663496,Neutral
1359868867498049536,Neutral
1359868784303951880,Neutral
1359868512311799810,Neutral
1359868031766204422,Neutral
1359867937901793281,Negative
1359867787259244555,Positive
1359867372874592268,Negative
1359867132989739009,Negative
1359866557082472457,Neutral
1359866287778766850,Neutral
1359866007645347850,Negative
1359864923891769348,Neutral
1359864737794719750,Negative
1359864138155978758,Negative
1359863845649485827,Neutral
1359863418019221506,Negative
1359863249869570048,Neutral
1359862636788109312,Neutral
1359862471478022147,Neutral
1359861314697326598,Neutral
1359861282279624704,Negative
1359859367583965186,Negative
1359858741651251202,Positive
1359858027478667269,Neutral
1359857875540004864,Neutral
1359856721263435780,Neutral
1359856585137291265,Positive
1359856375296266247,Neutral
1359856237031153665,Negative
1359856211315748868,Neutral
1359855966120906754,Neutral
1359855468684791811,Negative
1359855390268092423,Negative
1359854954760990722,Positive
1359854739752558599,Neutral
1359854140038389764,Neutral
1359854130617978885,Neutral
1359853982768795650,Neutral
1359853834412019724,Neutral
1359853794339606529,Negative
1359853095241453570,Negative
1359852876554620930,Neutral
1359851541373415424,Negative
1359850334017884162,Neutral
1359850323485986821,Neutral
1359850275427676163,Neutral
1359849991548772353,Neutral
1359849767614836736,Neutral
1359848014370598913,Negative
1359846944797937665,Negative
1359846736651460613,Neutral
1359846718246772737,Positive
1359846405905346564,Positive
1359846333490757633,Neutral
1359845849140850693,Negative
1359845705418874880,Positive
1359845233345744899,Neutral
1359845111580872712,Positive
1359845087446880263,Positive
1359845045923315718,Neutral
1359844835981631495,Negative
1359844083535998976,Negative
1359843939398938627,Neutral
1359843611781648392,Negative
1359843583616974849,Negative
1359843575245139969,Neutral
1359843571940036612,Positive
1359843507020591106,Neutral
1359843389345206272,Neutral
1359843284659523584,Neutral
1359842996024270850,Negative
1359842925945909252,Neutral
1359842679123681281,Negative
1359842449263239169,Neutral
1359842298843066371,Negative
1359842129556561924,Neutral
1359841879014010884,Positive
1359841604505280514,Negative
1359840965721088009,Neutral
1359840573872427009,Negative
1359840053485178881,Negative
1359839777474760708,Positive
1359839761528070149,Negative
1359839408300589058,Negative
1359839204029595648,Positive
1359838873228988417,Positive
1359838225666240520,Neutral
1359837186724491272,Positive
1359836808314429441,Neutral
1359836439102377992,Positive
1359835888985907201,Positive
1359835880249192449,Positive
1359835373354930179,Positive
1359835276672028675,Negative
1359834620108406784,Positive
1359833825006686208,Positive
1359833352451231747,Negative
1359833205675675650,Positive
1359833143587446788,Neutral
1359833140559110146,Negative
1359832894005342211,Positive
1359831811983986692,Neutral
1359831546551623684,Neutral
1359830959932145664,Negative
1359830753173901312,Positive
1359830606226489346,Neutral
1359830333777059840,Neutral
1359830103849459714,Neutral
1359828829385052163,Positive
1359828284083605511,Positive
1359828109118218241,Neutral
1359827943648681984,Neutral
1359827116351623171,Negative
1359826806946242562,Positive
1359826801598423042,Positive
1359826222331514880,Neutral
1359826028701515779,Neutral
1359825468166266882,Positive
1359824767230988289,Negative
1359823691408834564,Neutral
1359823135642509312,Neutral
1359823042776506375,Neutral
1359822520866594824,Negative
1359822244101324803,Neutral
1359821946976804873,Neutral
1359821938466508805,Neutral
1359821888088776708,Positive
1359821824742223876,Positive
1359821758686142469,Negative
1359821555010658309,Neutral
1359820901538144265,Neutral
1359820858965991426,Neutral
1359820838850109443,Neutral
1359820815932424194,Neutral
1359820805459177477,Positive
1359820034843897857,Negative
1359818677672058881,Neutral
1359818490627035140,Neutral
1359818191225036806,Neutral
1359817841550106626,Neutral
1359817729419579393,Neutral
1359817361419694081,Negative
1359817116753551360,Positive
1359816696408670208,Neutral
1359816046752854019,Negative
1359815376696086529,Neutral
1359814950554796032,Neutral
1359814946142363648,Positive
1359814774184321025,Neutral
1359814668814934021,Positive
1359814307567964161,Positive
1359814255025954818,Neutral
1359813725952249858,Negative
1359813662525956097,Neutral
1359813360464711681,Positive
1359812877624909825,Neutral
1359812794149818368,Positive
1359812525018107904,Positive
1359810747434364930,Positive
1359810453115838466,Neutral
1359810146986127360,Neutral
1359809882925330439,Neutral
1359809814600110082,Positive
1359809322625077251,Positive
1359809037320224768,Neutral
1359809027102765058,Neutral
1359808992403423234,Neutral
1359808463673589760,Neutral
1359807928346185728,Neutral
1359804697599647747,Positive
1359804495887101954,Negative
1359804093003255811,Negative
1359803656225267716,Negative
1359803613271388165,Negative
1359803282038788098,Negative
1359803197209022465,Neutral
1359802996415111168,Neutral
1359802654419939331,Positive
1359802443047968770,Neutral
1359799849621680130,Negative
1359799845733584899,Negative
1359799292504936457,Positive
1359799219242950659,Negative
1359799201333354500,Negative
1359798586226085888,Positive
1359798154804170752,Negative
1359797742575390723,Negative
1359797732060270596,Negative
1359797174486274049,Negative
1359796370635296768,Negative
1359795163267092486,Negative
1359795124243292163,Neutral
1359795037685469185,Neutral
1359795004772810763,Neutral
1359793964920967169,Negative
1359793036482383876,Neutral
1359793009383022594,Positive
1359792441595842569,Negative
1359791628542595072,Negative
1359790832405020672,Positive
1359790401620570115,Positive
1359790268459884544,Neutral
1359790093561524231,Neutral
1359790041065607172,Neutral
1359790011042861056,Positive
1359789443775754243,Negative
1359789300729085952,Neutral
1359788440913473536,Neutral
1359787743249891329,Negative
1359787567877525507,Neutral
1359787309739085829,Positive
1359787125319757826,Neutral
1359787037318995970,Neutral
1359787010181877763,Neutral
1359786425831485441,Negative
1359784587103117315,Negative
1359784570887888897,Positive
1359783026956226567,Negative
1359781608933363713,Negative
1359781449411399681,Negative
1359781446269894660,Negative
1359781439609344003,Negative
1359781253252173830,Negative
1359780878868615169,Negative
1359780152033439744,Negative
1359779967966400519,Positive
1359779342792884226,Positive
1359778630855843841,Neutral
1359778086112292867,Negative
1359777572590997504,Negative
1359776997560315905,Neutral
1359776511155261443,Negative
1359776432088514560,Positive
1359776342619742215,Negative
1359776108703404033,Neutral
1359774909614804995,Negative
1359773726015778817,Neutral
1359773497082322947,Neutral
1359773438651424773,Positive
1359773316093861888,Negative
1359773243939278852,Negative
1359773182002008065,Neutral
1359773162553053184,Negative
1359773114679234564,Neutral
1359772998064951303,Neutral
1359772271502479361,Positive
1359772266670686218,Neutral
1359772043252621312,Positive
1359771937057120256,Negative
1359771664003837956,Neutral
1359771401981362183,Positive
1359771000934567940,Neutral
1359770148316401666,Negative
1359768565205794816,Negative
1359768541134614530,Positive
1359768409727115265,Positive
1359767918041460737,Negative
1359767694728253440,Neutral
1359766874809016320,Neutral
1359766236138143749,Neutral
1359765620095545347,Neutral
1359765166494081026,Neutral
1359764787161272327,Positive
1359764635411386369,Neutral
1359764240689553412,Positive
1359763923528941569,Neutral
1359763791454425089,Neutral
1359763063654682630,Negative
1359760832234741763,Positive
1359760308806373376,Negative
1359759995366035460,Negative
1359759476971106311,Negative
1359758849566117890,Neutral
1359758319540465665,Neutral
1359758316910612480,Neutral
1359758258697887744,Negative
1359758230264680451,Positive
1359757406511661058,Neutral
1359757034162253824,Negative
1359756553411153922,Positive
1359756491591278592,Neutral
1359756232072908800,Neutral
1359755415584579584,Negative
1359755412220772352,Negative
1359754961362518016,Negative
1359754651600523267,Negative
1359754309152374786,Neutral
1359753832222216193,Negative
1359753413492436992,Neutral
1359753122747355147,Neutral
1359752997715103744,Negative
1359752147672330240,Neutral
1359751796286054404,Positive
1359750940983578631,Neutral
1359750296101036032,Positive
1359749753576165382,Negative
1359749654863249409,Neutral
1359749058093457410,Neutral
1359747903581900804,Negative
1359746941429575681,Negative
1359746605889458183,Negative
1359745979059113987,Negative
1359745349481451523,Negative
1359745253704560640,Positive
1359744437996298240,Positive
1359743232419135490,Neutral
1359743191939833856,Positive
1359742711482380292,Negative
1359742660412534784,Negative
1359742595178504192,Neutral
1359742530808500225,Positive
1359742344816250883,Negative
1359741139494948864,Positive
1359740503793623042,Positive
1359740335711088645,Neutral
1359739584867749889,Positive
1359739559370584067,Neutral
1359739407918452736,Negative
1359739084118192130,Neutral
1359738968997154816,Negative
1359738725249413120,Neutral
1359738433552351234,Positive
1359738324731060229,Neutral
1359738129750523912,Neutral
1359737476584144899,Negative
1359737128054181891,Neutral
1359735983554527232,Positive
1359735975342084097,Negative
1359735958296383493,Negative
1359733479714344966,Negative
1359732344463060992,Neutral
1359731724016492546,Positive
1359731341059760130,Neutral
1359731276601847813,Negative
1359731273837793281,Negative
1359731227859820546,Negative
1359730896195133442,Negative
1359730663709003776,Positive
1359729806317744129,Neutral
1359729762285936640,Positive
1359729649694035971,Neutral
1359729543255236617,Neutral
1359728750414295041,Neutral
1359727682636795905,Positive
1359727469243162624,Positive
1359727420580843522,Neutral
1359726842773532674,Positive
1359726258477617156,Negative
1359725862518550529,Positive
1359725808944779270,Positive
1359723479940034561,Neutral
1359723270346399748,Neutral
1359722076987301891,Positive
1359721580738142212,Neutral
1359720876615245826,Neutral
1359720105144320005,Neutral
1359719417446207488,Neutral
1359719224969551875,Positive
1359718609346433032,Positive
1359717812395143174,Neutral
1359717373339607040,Negative
1359716897294491659,Negative
1359716626040455169,Negative
1359716604058030085,Negative
1359716347563843585,Negative
1359715127071625221,Neutral
1359713861306249216,Positive
1359713748882132992,Negative
1359712709810429955,Neutral
1359712570261688321,Positive
1359711547388383238,Neutral
1359711206466940934,Positive
1359710993199190019,Neutral
1359710196835098624,Neutral
1359709675097231362,Negative
1359709190256689154,Positive
1359709112255188999,Negative
1359708922442108929,Positive
1359708774047440897,Neutral
1359708498985033732,Neutral
1359707847756451841,Negative
1359706695652438019,Neutral
1359706239463092232,Positive
1359705929197907969,Negative
1359705144833712131,Neutral
1359704242630500356,Neutral
1359703064597254147,Positive
1359702302794280960,Neutral
1359702156148838401,Negative
1359700516062728195,Negative
1359699533429501952,Neutral
1359698591359463425,Negative
1359697664946786305,Positive
1359697485044744195,Negative
1359696156251594755,Negative
1359695954547335169,Negative
1359695440166285313,Negative
1359694583328694274,Negative
1359694130796896257,Neutral
1359691250597732356,Negative
1359691031764111361,Neutral
1359690949274652684,Neutral
1359690799089291275,Positive
1359690596986703873,Neutral
1359690012485316610,Positive
1359689817429217283,Positive
1359689767819051008,Negative
1359689417561018370,Neutral
1359689057878433795,Negative
1359688128601100289,Neutral
1359687361253277698,Neutral
1359683691279044608,Negative
1359683675424628736,Neutral
1359682739457323013,Positive
1359682559580405761,Positive
1359681192568655872,Neutral
1359679623806685186,Negative
1359679003620122632,Positive
1359678580532203523,Negative
1359678174666215427,Positive
1359677820834779138,Negative
1359677785640374273,Neutral
1359677544195235843,Negative
1359676304707080198,Positive
1359675014119780360,Neutral
1359674602780254209,Negative
1359673389904920578,Positive
1359673242483453955,Neutral
1359672651061420032,Negative
1359671406217158657,Positive
1359670559047446531,Negative
1359670140971798532,Neutral
1359669869994598400,Positive
1359669747252555777,Negative
1359669366921383939,Neutral
1359668647015247872,Neutral
1359667264736272386,Negative
1359667215587397636,Neutral
1359666987606052865,Negative
1359666755790987264,Neutral
1359666668532736001,Neutral
1359666512018083842,Neutral
1359666362067521541,Neutral
1359666226474065922,Neutral
1359665848013574145,Positive
1359665267064803332,Neutral
1359665234034655235,Neutral
1359664596978597890,Negative
1359664215217344513,Neutral
1359662755574206466,Positive
1359662409279885314,Neutral
1359661915144744963,Positive
1359661913135714311,Neutral
1359661542698930176,Negative
1359660024352575493,Neutral
1359659931083788289,Positive
1359659249874309120,Neutral
1359658951659245571,Positive
1359657594957164548,Neutral
1359654082353352706,Positive
1359653367593672710,Positive
1359653272764653569,Positive
1359652493932724226,Neutral
1359652060887584770,Positive
1359650453550632960,Positive
1359650189682745349,Negative
1359649836274831368,Negative
1359647186489806854,Negative
1359645869121753088,Positive
1359645100003840001,Neutral
1359644953400418305,Neutral
1359644440424574985,Positive
1359642250578329600,Positive
1359640367851687938,Positive
1359638807625269251,Positive
1359638671578681345,Neutral
1359638326723026951,Neutral
1359636691783327744,Positive
1359632748646866944,Positive
1359632628958208000,Neutral
1359632084734599168,Neutral
1359629828727558145,Negative
1359626629547393027,Neutral
1359616830545952770,Neutral
1359616580083015682,Negative
1359606125079842816,Neutral
1359605408239788032,Neutral
1359603257220374532,Neutral
1359597886909030401,Neutral
1359589142263328768,Neutral
1359586294498615296,Neutral
1359584556009934849,Neutral
1359583047482445824,Positive
1359582417737011207,Negative
1359578608491130885,Neutral
1359578204185403392,Positive
1359575674311172099,Neutral
1359573419692412928,Positive
1359572558450855936,Negative
1359570040077524994,Positive
1359569398197940226,Positive
1359569123659767808,Negative
1359568135263723523,Neutral
1359563283917774850,Neutral
1359562905172123648,Positive
1359562757905895425,Positive
1359562728126304259,Neutral
1359561228352249856,Neutral
1359560837971673092,Negative
1359560619255451649,Negative
1359560558765166598,Negative
1359559524021981185,Negative
1359558178673881094,Neutral
1359557795025088513,Negative
1359556374934396933,Negative
1359556203257339904,Positive
1359555644194394116,Neutral
1359555176713998338,Neutral
1359553808758497285,Negative
1359553565950287875,Negative
1359552221642252289,Positive
1359549861239037955,Positive
1359549163956891648,Neutral
1359548314346168322,Neutral
1359548117947871234,Negative
1359548112059068417,Neutral
1359547805015048194,Negative
1359546172893896705,Neutral
1359545836082917378,Neutral
1359545743548190721,Neutral
1359545136061968384,Neutral
1359545131385323520,Negative
1359545119033024512,Neutral
1359543990450679809,Positive
1359543577492135937,Neutral
1359543558030598145,Neutral
1359543412303699968,Neutral
1359542488558563331,Neutral
1359542082273038336,Negative
1359541244519542784,Neutral
1359540312012562433,Positive
1359539868699824128,Neutral
1359539676294520838,Neutral
1359539643268562944,Neutral
1359539550448623616,Negative
1359538583858679811,Neutral
1359537823980740610,Positive
1359537617772027907,Neutral
1359537462935126016,Neutral
1359537191441997825,Neutral
1359537059304644608,Neutral
1359536625902997508,Negative
1359536384030121984,Neutral
1359535970098421760,Neutral
1359535717920083968,Negative
1359535145124913156,Neutral
1359534964652470274,Neutral
1359534857202790400,Negative
1359533957071556616,Neutral
1359533932124000268,Neutral
1359533876465422339,Positive
1359533691794452481,Negative
1359533499061968897,Negative
1359533013294481408,Neutral
1359532838605844485,Negative
1359532730082488320,Neutral
1359532553036697600,Positive
1359532215244189696,Negative
1359531914227449863,Neutral
1359530111670837248,Positive
1359528921641807874,Neutral
1359528868051357697,Neutral
1359527766404702208,Positive
1359526885454082054,Neutral
1359526858757345284,Neutral
1359526815308521473,Positive
1359526692952281092,Positive
1359526037814583298,Neutral
1359525939986636808,Neutral
1359525845891620871,Neutral
1359525597156806661,Neutral
1359525539866886147,Negative
1359524941121507329,Neutral
1359524796048961540,Neutral
1359524648073850883,Neutral
1359524228240871431,Neutral
1359524177091305473,Negative
1359524092341149697,Negative
1359523607102124040,Neutral
1359523227614154753,Neutral
1359522631444090884,Neutral
1359521614115688454,Neutral
1359521343012626432,Neutral
1359521164700180480,Negative
1359520612121595906,Neutral
1359520313910808577,Neutral
1359519892198678528,Negative
1359519578800279553,Neutral
1359519455051567112,Neutral
1359518877722374145,Negative
1359518740312850434,Neutral
1359518446761832450,Neutral
1359518168176238598,Neutral
1359517834116620291,Positive
1359517786989420550,Negative
1359517531912896513,Neutral
1359516783753920514,Negative
1359516695686045709,Neutral
1359516655106158597,Positive
1359516286112329728,Negative
1359516228570681350,Negative
1359516213626347527,Negative
1359515955412365312,Negative
1359515940354891781,Positive
1359515897904332804,Neutral
1359515892707598341,Negative
1359515881378705408,Negative
1359515684099612672,Negative
1359515491811819526,Neutral
1359515430549741575,Neutral
1359515227046334464,Neutral
1359515134184411139,Positive
1359514666444025862,Neutral
1359514484079882250,Neutral
1359513972353822720,Positive
1359513868398063623,Neutral
1359513728639586314,Positive
1359513685371228160,Negative
1359512526703108098,Neutral
1359512374126866433,Neutral
1359512182984089605,Neutral
1359512157444997122,Negative
1359511803059834880,Neutral
1359511647614767104,Negative
1359511622524436486,Negative
1359511048722632705,Neutral
1359510935598080000,Neutral
1359510857651113987,Neutral
1359510852236234754,Neutral
1359510786691850246,Neutral
1359510654009315329,Positive
1359510447049744386,Negative
1359510441060274176,Positive
1359510168132751365,Neutral
1359510115112546314,Neutral
1359509860929335296,Negative
1359509722911567874,Positive
1359509463091138563,Positive
1359509385312051203,Negative
1359509298913579009,Neutral
1359509288004194304,Negative
1359509128645726208,Neutral
1359508953038794754,Negative
1359508936953532416,Negative
1359508707969671170,Neutral
1359508594815733762,Negative
1359508338287939588,Neutral
1359508102664441856,Neutral
1359508044216901635,Positive
1359508038332239883,Negative
1359507990429093890,Negative
1359507819116982274,Neutral
1359507714846597126,Neutral
1359507480129150977,Neutral
1359507309009932288,Neutral
1359507233747267587,Neutral
1359507147571142658,Neutral
1359506857237245959,Positive
1359506793211203592,Neutral
1359506681911148544,Positive
1359506648822206469,Negative
1359506137750540293,Neutral
1359506092955373571,Neutral
1359504496263454723,Neutral
1359503844858765312,Neutral
1359503748809191426,Neutral
1359502739554766848,Negative
1359502558813769728,Positive
1359502204558708736,Neutral
1359502158438178820,Negative
1359502128788590593,Negative
1359502052636856329,Positive
1359501824353423362,Neutral
1359501727548932098,Neutral
1359501525890998278,Neutral
1359501478038106112,Neutral
1359501465266450432,Positive
1359501326305042433,Negative
1359499975277772805,Neutral
1359499724215123968,Negative
1359499638429020160,Positive
1359499310589571073,Positive
1359499151629713409,Positive
1359498904690065410,Neutral
1359498864101711874,Positive
1359498793234780166,Neutral
1359498318598922245,Positive
1359497779974791176,Neutral
1359497503100469249,Neutral
1359496506336710661,Neutral
1359496351931793409,Negative
1359496246705016841,Negative
1359496161145593858,Negative
1359495904428912648,Positive
1359495712338104320,Positive
1359495249660313600,Negative
1359494991664402433,Negative
1359494774072332291,Positive
1359494651099553802,Neutral
1359493822556766210,Positive
1359493571489878017,Positive
1359493506776014851,Negative
1359493179150528519,Neutral
1359493005569236997,Neutral
1359492780687413248,Neutral
1359492779936681985,Neutral
1359492697648734215,Neutral
1359492070008754179,Neutral
1359491918753718275,Negative
1359491509360287745,Negative
1359491199841652742,Negative
1359490480434683906,Negative
1359490156613431297,Positive
1359489641108312068,Positive
1359489640940531715,Negative
1359489094418452481,Neutral
1359487932566888455,Negative
1359487753986011136,Positive
1359487374275715072,Neutral
1359487250430652424,Neutral
1359486826247983107,Neutral
1359486820451426309,Negative
1359486214860992513,Negative
1359486152848203776,Neutral
1359486122196299778,Positive
1359486044131848193,Neutral
1359485889299185666,Negative
1359485776388530176,Neutral
1359484498430152716,Neutral
1359484218934349829,Neutral
1359483696504446981,Neutral
1359483505646788614,Neutral
1359483338310864899,Positive
1359483053056270337,Neutral
1359482855965872132,Neutral
1359482678546812928,Neutral
1359481896082673667,Negative
1359481710874820611,Negative
1359481533061427209,Negative
1359481504515018756,Negative
1359481168769372161,Neutral
1359480880037834756,Neutral
1359480868872458241,Negative
1359480532015276033,Negative
1359479930355019783,Neutral
1359479896058155015,Negative
1359479707922690048,Negative
1359478356186591232,Neutral
1359478245356236803,Positive
1359478204960960519,Neutral
1359477483054141440,Neutral
1359477383963709443,Neutral
1359476499661824001,Neutral
1359476132307824640,Neutral
1359475322014502915,Neutral
1359474791388831748,Negative
1359474136184070145,Neutral
1359473673174872069,Negative
1359473512763723782,Neutral
1359473189458436097,Neutral
1359471788472770562,Negative
1359471664069713923,Negative
1359471323584491521,Negative
1359470733487869959,Neutral
1359470648867782657,Neutral
1359470358739390476,Positive
1359470158222290946,Neutral
1359469602963484673,Neutral
1359469086208528385,Neutral
1359467915209105408,Positive
1359467885014388742,Negative
1359467156790935552,Negative
1359467010250452996,Negative
1359466928696303622,Neutral
1359466864871526402,Negative
1359465561541943301,Neutral
1359464846631317507,Negative
1359464640787324930,Negative
1359464062799630336,Neutral
1359464008927956994,Neutral
1359462123462529025,Negative
1359461869698732034,Negative
1359461443746242560,Neutral
1359461286258462721,Negative
1359459860287393794,Positive
1359459733984317440,Neutral
1359459137378082821,Negative
1359459137243865088,Neutral
1359459093086236678,Negative
1359458764894601217,Negative
1359458687924928514,Negative
1359457976331894789,Negative
1359457557492895745,Neutral
1359457332921589768,Positive
1359457265833574402,Neutral
1359456665842536448,Positive
1359456518962171905,Negative
1359455849526161408,Neutral
1359454202582323204,Positive
1359453510526406660,Negative
1359452475669942272,Neutral
1359452041806946306,Negative
1359451904724463622,Positive
1359451441467850753,Negative
1359450899886739463,Neutral
1359450383949602823,Positive
1359449409566609411,Neutral
1359448895936364544,Positive
1359448514368049156,Negative
1359447049813458946,Neutral
1359446630316068864,Negative
1359445363153727495,Negative
1359445131842134018,Positive
1359444826823958532,Positive
1359444506865664000,Neutral
1359444358970236928,Negative
1359444130909147136,Negative
1359443895055093763,Positive
1359443304039915521,Negative
1359443299107434500,Positive
1359443092122730503,Negative
1359442845220757508,Negative
1359442792976576518,Negative
1359441480490733577,Positive
1359441352837091331,Neutral
1359440828855320577,Neutral
1359439084431630336,Negative
1359438835201937410,Positive
1359438168819331074,Neutral
1359437841546186753,Positive
1359437755697168389,Negative
1359437643554033669,Negative
1359436768458772481,Negative
1359436296276430853,Positive
1359435694809116675,Negative
1359435526173032448,Neutral
1359435397005148160,Neutral
1359433637595213824,Neutral
1359432876253614084,Neutral
1359432574355968003,Negative
1359431980186669057,Negative
1359431276868980741,Neutral
1359430906419630080,Negative
1359430495616995331,Neutral
1359429639819522053,Negative
1359429306103918594,Neutral
1359428828355907587,Negative
1359428514856857600,Neutral
1359428285923401731,Negative
1359428241375649792,Positive
1359427413554262023,Negative
1359425975432278017,Negative
1359424282812583937,Neutral
1359424251481059328,Negative
1359423951630262277,Negative
1359423127504125962,Positive
1359423102552260608,Negative
1359421505935974405,Neutral
1359421292257058817,Neutral
1359421248682434560,Positive
1359421041655779328,Neutral
1359420624347799555,Neutral
1359420096364482565,Negative
1359419059402539008,Neutral
1359418989131276288,Neutral
1359418986174193669,Negative
1359418928250818561,Negative
1359418475354050562,Positive
1359417858480951300,Neutral
1359417248893394951,Neutral
1359417007657996289,Positive
1359416765403463680,Positive
1359416631424733184,Positive
1359416369637335043,Neutral
1359416170466611201,Positive
1359415578163728384,Positive
1359415477399814147,Negative
1359414407848075266,Positive
1359414325660831746,Negative
1359413807894781952,Positive
1359413415043731457,Positive
1359413386698625025,Negative
1359413152983572482,Negative
1359413152794906624,Positive
1359412983965749252,Positive
1359412506255454208,Negative
1359412363691102210,Negative
1359412010593624067,Negative
1359411700013834242,Positive
1359411680946491392,Negative
1359410949489258498,Positive
1359410599059333120,Neutral
1359410481971093504,Neutral
1359409856315154433,Negative
1359409027659177984,Negative
1359408205613260802,Negative
1359408116215865354,Positive
1359407888293240835,Negative
1359406892934602755,Neutral
1359406367413477379,Positive
1359405415109300228,Neutral
1359404050517696514,Positive
1359403950173130756,Negative
1359402501078847488,Neutral
1359402133158694914,Negative
1359401717842862081,Negative
1359400857133936640,Neutral
1359400539730055168,Positive
1359399829550501889,Negative
1359399666891124743,Negative
1359398692961177604,Positive
1359398217553567749,Negative
1359397578236784642,Neutral
1359396996923068416,Neutral
1359396543552360448,Neutral
1359396520097771526,Negative
1359395762287747074,Positive
1359395681606094850,Positive
1359395568099885057,Positive
1359395364793577472,Negative
1359394608745050118,Neutral
1359394500930531330,Neutral
1359394173032435713,Negative
1359392445058846721,Positive
1359390835922464770,Positive
1359390318378901506,Neutral
1359388931356205056,Negative
1359388902507728897,Negative
1359388797532733444,Neutral
1359388693392470019,Negative
1359386562773934082,Positive
1359386182358999043,Negative
1359385546557018115,Negative
1359385512142725121,Neutral
1359384837023363074,Negative
1359384794279399425,Neutral
1359384051396739072,Neutral
1359383010370486272,Positive
1359381064787976192,Neutral
1359381058085527555,Positive
1359380764622606341,Positive
1359380375009587201,Neutral
1359380361084497923,Neutral
1359380133849690119,Negative
1359379177598689284,Negative
1359379085747572736,Positive
1359378884450414593,Negative
1359378878809075712,Negative
1359378713297645569,Neutral
1359377508114657283,Neutral
1359377366099787778,Negative
1359377165284896768,Negative
1359376997697265665,Negative
1359376158291156992,Neutral
1359376052380782595,Positive
1359375982717665281,Negative
1359375765788258304,Negative
1359375763644895232,Positive
1359375761577111552,Positive
1359375753675087876,Neutral
1359375747618533384,Negative
1359375270285766661,Positive
1359375186819092483,Neutral
1359374990609502211,Negative
1359374806978764801,Negative
1359374744877867012,Negative
1359374478459826177,Neutral
1359373145220673541,Neutral
1359373087922294785,Negative
1359373052430090246,Negative
1359372887568773120,Positive
1359372664331145218,Negative
1359372375108714499,Positive
1359372349871542273,Neutral
1359372215016329218,Negative
1359371845149937664,Positive
1359371693848862720,Neutral
1359371594636824583,Negative
1359371361903206405,Neutral
1359371283926982656,Neutral
1359370978938130432,Neutral
1359369711658569738,Negative
1359369528153501701,Negative
1359369482616016898,Positive
1359369276797325314,Negative
1359368902589837314,Positive
1359368734515712000,Positive
1359368082926436359,Negative
1359368057051729920,Neutral
1359368005935796224,Positive
1359367602741473281,Neutral
1359367400039223299,Negative
1359367367084548102,Negative
1359367363280265217,Neutral
1359367350051512321,Negative
1359367333039415302,Neutral
1359367037592555520,Negative
1359366592413376515,Positive
1359366503087239168,Negative
1359366486301659138,Positive
1359366369532280832,Neutral
1359365391177240576,Negative
1359365083990642691,Negative
1359364732365406208,Negative
1359364482099605504,Negative
1359364324028944388,Neutral
1359364311089438720,Negative
1359363909816209408,Positive
1359363687333593089,Neutral
1359363616533712896,Positive
1359362357432963072,Neutral
1359362115304255493,Negative
1359361696158994435,Negative
1359361154405920773,Negative
1359360583024267267,Neutral
1359360190173204485,Neutral
1359359263882104834,Neutral
1359359038362902528,Neutral
1359359035900854272,Neutral
1359358968867344386,Negative
1359358667393363973,Neutral
1359358610124382214,Positive
1359358585549975557,Negative
1359358583306022916,Negative
1359358510413139968,Neutral
1359358495221403648,Neutral
1359358266422120450,Negative
1359358002969497602,Neutral
1359357980899045376,Neutral
1359357940017205251,Negative
1359357830579429378,Negative
1359357783351566336,Negative
1359357579382517763,Negative
1359357058991104004,Neutral
1359356947896569858,Neutral
1359356834486734850,Negative
1359356625048399872,Negative
1359356254871638016,Negative
1359356218758684681,Positive
1359355951451500548,Positive
1359355853120262144,Neutral
1359355845025275905,Positive
1359355652536029185,Negative
1359355525905846273,Negative
1359355523406045195,Negative
1359355492607221761,Neutral
1359355442132971522,Negative
1359355395827920896,Negative
1359355371735797761,Positive
1359355324893863937,Neutral
1359355314231889923,Neutral
1359355146782740489,Neutral
1359355095360540672,Negative
1359355066147172352,Neutral
1359355049990778886,Negative
1359354924526571522,Neutral
1359354600013238273,Negative
1359354431817453568,Negative
1359354397889753091,Negative
1359354313206681602,Negative
1359354164204081156,Negative
1359354146625736704,Negative
1359353966430019585,Negative
1359353931738927104,Positive
1359353900504018947,Positive
1359353744803065856,Negative
1359353734921261059,Negative
1359353503563481089,Positive
1359353479974723585,Neutral
1359353005888270336,Negative
1359353005095624705,Negative
1359352994215546884,Neutral
1359352971851538434,Neutral
1359352909201240066,Positive
1359352749456953344,Positive
1359352624831549440,Negative
1359352545223712770,Negative
1359352536642191361,Negative
1359352481944195073,Neutral
1359352432824733702,Negative
1359352368026931200,Negative
1359352351665000457,Neutral
1359352260795330560,Neutral
1359352189307637760,Negative
1359352005228072962,Negative
1359351984826949633,Neutral
1359351873283579907,Negative
1359351836579254275,Negative
1359351625710620672,Neutral
1359351582245023744,Neutral
1359350106554654722,Negative
1359349623437971458,Positive
1359349451345678339,Positive
1359348543266299906,Negative
1359348346435948548,Neutral
1359348191548768256,Neutral
1359348124376985600,Neutral
1359348111345258497,Positive
1359347998023589899,Positive
1359347871481405446,Positive
1359347498737754112,Positive
1359347365363163138,Neutral
1359347165949140998,Positive
1359346854597513218,Negative
1359345067668819971,Positive
1359344983828963328,Neutral
1359344469183614987,Positive
1359344308168495106,Neutral
1359344104216293380,Negative
1359343624635310085,Negative
1359343601466052612,Neutral
1359342771681722369,Neutral
1359342292851589122,Neutral
1359341741426413570,Negative
1359341227850625025,Positive
1359340670176006153,Neutral
1359340560843042818,Negative
1359339258473893900,Negative
1359338871327059970,Positive
1359338771385262082,Neutral
1359337985720733696,Negative
1359337581452824580,Neutral
1359337498783084550,Neutral
1359337382441439234,Positive
1359336193964470273,Neutral
1359335354860326915,Positive
1359334865972252674,Neutral
1359333428311719941,Neutral
1359333412704718848,Neutral
1359333257418924033,Negative
1359332561852370944,Negative
1359332560833159169,Neutral
1359331301954711552,Neutral
1359331260754108421,Neutral
1359330927004901377,Positive
1359330621936443392,Neutral
1359329952554835968,Positive
1359329470679666688,Neutral
1359329194417639424,Negative
1359328508636327937,Negative
1359328109829394434,Positive
1359327876877746178,Neutral
1359327335363735557,Positive
1359326399622901762,Negative
1359325991781289985,Positive
1359325884780474375,Neutral
1359325879122333700,Negative
1359325822033690624,Negative
1359325556353994753,Positive
1359325350489038851,Negative
1359323171896238085,Negative
1359323115092733952,Neutral
1359321814057459715,Negative
1359321404194234371,Negative
1359319263119478785,Positive
1359319126196449283,Neutral
1359318585768701953,Positive
1359318255190433795,Positive
1359317725806428163,Neutral
1359317588715524097,Positive
1359317501012631556,Negative
1359317368984326147,Neutral
1359317112792076288,Negative
1359316473626324995,Positive
1359316332114714625,Neutral
1359316193060950017,Negative
1359315941352378368,Positive
1359315768106618883,Neutral
1359315594521182208,Negative
1359314641302614016,Positive
1359313480562561026,Positive
1359312316748152832,Neutral
1359310912679600128,Neutral
1359310375645138946,Neutral
1359309314540720128,Neutral
1359309205111377922,Positive
1359308930229227522,Positive
1359308592176713730,Negative
1359308006580572163,Neutral
1359307966181089280,Positive
1359307782952869888,Neutral
1359307640052932610,Negative
1359307220777795585,Negative
1359307068990054405,Neutral
1359306983128526853,Neutral
1359306269958393857,Negative
1359305496608395267,Neutral
1359305278982787072,Neutral
1359304789620756480,Positive
1359302911264608261,Neutral
1359302865383116800,Negative
1359302639947706369,Neutral
1359301889859358721,Positive
1359300084584706048,Positive
1359299503283605505,Positive
1359299317874348034,Negative
1359298600098910208,Negative
1359296791104028672,Positive
1359296631355568130,Neutral
1359296523054444548,Positive
1359295030322634758,Negative
1359294609986265090,Negative
1359293581475729411,Negative
1359291802344247297,Negative
1359290618166472704,Negative
1359289241977581568,Neutral
1359289140651544577,Neutral
1359288732327682052,Neutral
1359288187638607873,Negative
1359286822010974211,Positive
1359286719405715459,Positive
1359286535892336640,Negative
1359285889331957761,Negative
1359281933981650944,Negative
1359280199695667202,Neutral
1359279915162509312,Neutral
1359279148179464203,Neutral
1359278328583081988,Negative
1359277376459272192,Neutral
1359276977304215553,Positive
1359276448096288769,Negative
1359274666167177219,Negative
1359274569958232065,Neutral
1359273708406247425,Neutral
1359273427626954754,Negative
1359273316905754624,Neutral
1359273035828613120,Positive
1359273003066875906,Positive
1359272147479187458,Negative
1359271789960957952,Positive
1359271257477320706,Negative
1359271054695301120,Negative
1359271036953317377,Positive
1359270816643391489,Neutral
1359269138108043269,Positive
1359267466057183233,Positive
1359267179284164611,Positive
1359264732901822465,Positive
1359264545437405184,Negative
1359263313784315909,Negative
1359262532741918720,Negative
1359261234860683264,Positive
1359259919648583680,Neutral
1359259282366078979,Neutral
1359251656479657984,Positive
1359250481084649472,Negative
1359250234837114880,Positive
1359250141157335040,Negative
1359248566934413314,Neutral
1359241506314350592,Negative
1359239000733540354,Neutral
1359238689440763904,Negative
1359236385266229248,Positive
1359235628387377154,Neutral
1359235118733225984,Negative
1359232588829741057,Neutral
1359231085817655298,Negative
1359229599725486081,Neutral
1359229336465756160,Negative
1359225596383952898,Neutral
1359223791881134083,Neutral
1359222528506400768,Positive
1359221437689524225,Neutral
1359218222608781317,Positive
1359215793565622274,Positive
1359215463155179521,Negative
1359214914376589313,Positive
1359214879052189697,Neutral
1359210834342203392,Neutral
1359210700917284866,Neutral
1359209645198479362,Neutral
1359209239680479232,Negative
1359208983731400704,Neutral
1359207049012277249,Positive
1359205514421235712,Neutral
1359205299903553536,Negative
1359204004459253764,Negative
1359203579475619841,Neutral
1359203217272283136,Negative
1359202701532307460,Positive
1359199453001834498,Positive
1359198591819018246,Neutral
1359197410749128713,Positive
1359197398195523589,Positive
1359196344590639104,Positive
1359196222234365954,Positive
1359195774995763201,Neutral
1359195365510049794,Negative
1359194974256910336,Neutral
1359193085205389318,Negative
1359192876278685699,Negative
1359191401787891713,Neutral
1359188256399650822,Neutral
1359187882741616644,Positive
1359187840622497792,Negative
1359187732342296576,Neutral
1359186587209195522,Neutral
1359186064166981634,Negative
1359185217282473989,Neutral
1359185074126680069,Neutral
1359185025384726531,Positive
1359184964852408321,Negative
1359184336688349185,Neutral
1359183506585264128,Neutral
1359182314601779206,Neutral
1359182289146531842,Negative
1359182243478994947,Positive
1359181647174721538,Neutral
1359181127978688518,Positive
1359180667553083395,Neutral
1359179907478155264,Negative
1359179662153273344,Negative
1359178821178544133,Negative
1359178568035491841,Neutral
1359178463861612545,Neutral
1359178455804309516,Neutral
1359178306482888705,Negative
1359178287356858370,Negative
1359177853393276933,Positive
1359177402807508997,Negative
1359177157801463811,Negative
1359177132249808896,Positive
1359176954042146818,Negative
1359176854058332161,Negative
1359175880845651972,Negative
1359175759701577734,Negative
1359175488783065095,Positive
1359174956559462400,Negative
1359174905493770243,Positive
1359174686190444545,Negative
1359174482909306881,Negative
1359173984542072833,Neutral
1359173850676617217,Neutral
1359172878747357188,Neutral
1359172827878813697,Negative
1359172802322984966,Positive
1359172609233936389,Negative
1359172359467401216,Positive
1359172314793877511,Negative
1359172100502659077,Neutral
1359171752836780034,Negative
1359171662738976770,Neutral
1359171583177199621,Neutral
1359171204565749765,Neutral
1359170811752452097,Negative
1359170309673295872,Positive
1359170208401924104,Negative
1359169597740564483,Negative
1359169252931096578,Neutral
1359168852010151937,Negative
1359168786671296512,Neutral
1359168484635205643,Neutral
1359168439957487622,Positive
1359168366553006086,Negative
1359168160512036866,Neutral
1359167919800860678,Neutral
1359167773201547277,Neutral
1359167338587766791,Positive
1359167005761417216,Positive
1359166786256723973,Negative
1359166759618641928,Neutral
1359166391501389825,Negative
1359166306185052166,Positive
1359165548408541197,Negative
1359165395412860933,Positive
1359165194014965761,Negative
1359165131972882432,Positive
1359165096459649025,Positive
1359164995481841665,Negative
1359164895250571267,Negative
1359164859166973964,Neutral
1359164322820325382,Neutral
1359164069857669121,Positive
1359164010638303232,Negative
1359163551601033216,Negative
1359163493212160002,Negative
1359162995058896902,Negative
1359162724425605132,Positive
1359162699192688641,Positive
1359162589150871564,Positive
1359161961490087940,Negative
1359161814064463877,Negative
1359161764097753097,Neutral
1359161204804091914,Neutral
1359161154380189701,Neutral
1359161045705711627,Positive
1359160923437608966,Neutral
1359160886783574020,Neutral
1359160816038252545,Negative
1359160688552386569,Negative
1359160677773025295,Positive
1359160286125654022,Neutral
1359160045645287441,Negative
1359159885519273989,Neutral
1359159728362967041,Neutral
1359159519725649935,Positive
1359158777409376265,Negative
1359158743397720067,Neutral
1359158346218172417,Positive
1359158197928493066,Negative
1359158197546868738,Negative
1359158007163199495,Negative
1359157885347971077,Positive
1359156348563451905,Neutral
1359156281404239872,Negative
1359156276199124999,Positive
1359155569416896518,Neutral
1359154787489632264,Positive
1359154653783617538,Neutral
1359154637224443908,Positive
1359154628886212619,Neutral
1359154397247393798,Negative
1359154357082677248,Positive
1359153797747122185,Neutral
1359153503600533510,Negative
1359153047331561476,Positive
1359152884403871754,Neutral
1359152652253331464,Negative
1359152549828427776,Negative
1359152100782055427,Neutral
1359151949678051335,Neutral
1359151847785852948,Negative
1359151429324308485,Negative
1359151279138885633,Neutral
1359150958593376256,Negative
1359150858039091204,Neutral
1359150463921307659,Negative
1359150290193313801,Neutral
1359149667678707712,Negative
1359149523415818243,Negative
1359149489827766274,Positive
1359149148235206657,Negative
1359149075984076800,Neutral
1359148989589778432,Positive
1359148758697615361,Neutral
1359148336700358656,Neutral
1359148324654350341,Neutral
1359148286398062594,Neutral
1359148213681479688,Positive
1359147992041672705,Positive
1359147814161272836,Negative
1359147634024460294,Neutral
1359147482593316866,Neutral
1359147264590061568,Neutral
1359147170645958662,Negative
1359147155848450048,Negative
1359146824536379396,Negative
1359146638405738508,Positive
1359146556805369856,Neutral
1359146209621909505,Neutral
1359146068307566596,Negative
1359145951953178625,Negative
1359145255572959234,Neutral
1359145248253874177,Negative
1359145121799839745,Positive
1359144935358779396,Neutral
1359144808166666240,Neutral
1359144657234456578,Negative
1359144652977315845,Negative
1359144554318897154,Neutral
1359144068186468353,Neutral
1359143721963450369,Neutral
1359143003839819777,Negative
1359142424124092426,Negative
1359142384974483460,Negative
1359141927317168128,Neutral
1359141726238089218,Neutral
1359141463506915331,Positive
1359141278366113794,Neutral
1359140851713146891,Neutral
1359140819509276679,Neutral
1359140687908769792,Negative
1359139781209255936,Neutral
1359139734480584714,Negative
1359139581950451720,Neutral
1359139551076225026,Positive
1359139497531834371,Neutral
1359139314102382594,Neutral
1359139193302118402,Negative
1359138681987080197,Neutral
1359138632230080519,Negative
1359138454479638528,Neutral
1359138148010233856,Neutral
1359138014824304641,Negative
1359137974647091202,Neutral
1359137908532207622,Neutral
1359137736733597699,Neutral
1359137574384619525,Neutral
1359137484014145536,Negative
1359137463579512833,Neutral
1359137438707240960,Positive
1359137323779121152,Negative
1359136821058228224,Positive
1359136397467082752,Negative
1359136377724497923,Negative
1359136149319520257,Neutral
1359136053492207617,Neutral
1359135885887827968,Neutral
1359135817982091268,Neutral
1359135296248373262,Neutral
1359135028966379523,Negative
1359134951166201861,Positive
1359134522894295042,Negative
1359134484482826240,Negative
1359134471866359810,Neutral
1359134052020723714,Positive
1359133885955670024,Neutral
1359133654430097408,Negative
1359133391602393091,Neutral
1359133111984877574,Negative
1359133055378624514,Neutral
1359133022117744640,Neutral
1359132954132312066,Neutral
1359132662737240065,Neutral
1359132658324758533,Negative
1359132437767360515,Positive
1359132179419197442,Neutral
1359132156002328579,Neutral
1359132093297553414,Neutral
1359131946975072258,Positive
1359131737570254850,Negative
1359131288427372546,Negative
1359131070176796674,Negative
1359130929390735360,Positive
1359130919601246208,Negative
1359130856908967946,Positive
1359130508274225153,Positive
1359130312433782790,Negative
1359130280636809217,Negative
1359129943943221258,Neutral
1359129741802893313,Neutral
1359129713868828677,Negative
1359129595317022720,Negative
1359129588891222017,Negative
1359129511833395205,Neutral
1359129510944231425,Neutral
1359129341150384128,Neutral
1359129335765041155,Neutral
1359129289573036037,Negative
1359129131561099265,Negative
1359129025323520000,Negative
1359128908247953412,Neutral
1359128592156774400,Negative
1359128535831515148,Neutral
1359128287709065223,Negative
1359128226166022144,Negative
1359128202799509504,Neutral
1359128156397993984,Positive
1359127943738363905,Positive
1359127813098405891,Neutral
1359127781779537927,Neutral
1359127755825156101,Negative
1359127175136333828,Neutral
1359127073554501634,Negative
1359127067036512260,Negative
1359126770138587137,Negative
1359126198023057408,Neutral
1359126066493706240,Neutral
1359125948390543365,Neutral
1359125864336683008,Positive
1359125483238039557,Positive
1359125468339818501,Positive
1359125432180695042,Negative
1359125116077023242,Neutral
1359124584310558723,Positive
1359124013843243008,Negative
1359123885258514436,Neutral
1359123265453576193,Neutral
1359123157303447552,Neutral
1359122418531377152,Positive
1359122396909719553,Positive
1359122298637217792,Neutral
1359122173806268417,Positive
1359121811280039940,Positive
1359121731596611586,Neutral
1359121182612590595,Negative
1359121153168613380,Negative
1359121103466024964,Positive
1359121039221948421,Negative
1359120705460183041,Negative
1359120675760336899,Positive
1359120581984014337,Positive
1359120565139693569,Negative
1359120331298930689,Neutral
1359120231642243078,Negative
1359119149230747652,Negative
1359119136316530691,Negative
1359119126472445957,Neutral
1359119013570224132,Neutral
1359118921043910661,Neutral
1359117566619312135,Positive
1359117439665983494,Positive
1359117434335100929,Positive
1359117357151473665,Neutral
1359116740047691782,Neutral
1359116666219626499,Neutral
1359116467589976065,Negative
1359115982514520069,Negative
1359115904961839106,Neutral
1359115879506579457,Negative
1359115710077669378,Negative
1359115676472889348,Neutral
1359115564971511812,Neutral
1359114977055940612,Negative
1359114971733401600,Negative
1359114627712315395,Neutral
1359114371893395462,Negative
1359114283225808898,Neutral
1359113939494215682,Negative
1359113795122024454,Positive
1359113623860248590,Negative
1359113392326209536,Negative
1359113267629543425,Negative
1359113195034578948,Negative
1359112985654878209,Positive
1359112643705937920,Positive
1359112587078606852,Neutral
1359112485698064389,Negative
1359111720246018051,Negative
1359111284944326660,Negative
1359111169840013318,Positive
1359110887097782275,Negative
1359110845997805573,Neutral
1359110805732487169,Positive
1359110770634629122,Negative
1359110703714422787,Neutral
1359110532045836288,Neutral
1359110404820017152,Neutral
1359110192797941760,Neutral
1359109795794407426,Negative
1359109764492349443,Negative
1359109585500467203,Negative
1359109258776776709,Negative
1359108862847012865,Neutral
1359108644428632073,Negative
1359108300143431684,Negative
1359108078734462979,Negative
1359108061281984512,Neutral
1359107985365209089,Neutral
1359107631080562691,Neutral
1359107581294243840,Negative
1359107465942495232,Neutral
1359107413958217728,Negative
1359107371574849539,Positive
1359107336413974528,Positive
1359106997342244873,Positive
1359106871420805144,Positive
1359106548883099651,Neutral
1359106401386176529,Negative
1359106227586752512,Negative
1359106194179198977,Neutral
1359106010644762627,Negative
1359105831204048899,Neutral
1359105679378685960,Neutral
1359105447647535105,Neutral
1359105346829131777,Negative
1359105209482416128,Neutral
1359105015101624321,Positive
1359104989747048459,Positive
1359104858863767557,Negative
1359104251952173063,Positive
1359103808488361991,Negative
1359103373186801664,Negative
1359103348381655041,Neutral
1359103324872531974,Negative
1359103284347166724,Positive
1359103014468919296,Negative
1359102664814915586,Neutral
1359102590097584129,Neutral
1359102387277844480,Negative
1359102161280409600,Neutral
1359102115788902401,Neutral
1359101427059101699,Positive
1359101420092280834,Negative
1359101149752619012,Positive
1359100993313533952,Negative
1359100960291713025,Neutral
1359100871649361921,Neutral
1359100696247771137,Neutral
1359100676454846470,Positive
1359100229765582855,Neutral
1359099852198584321,Positive
1359099442712899587,Neutral
1359099393144590342,Neutral
1359099305185865732,Neutral
1359099272667435011,Negative
1359099235644235781,Positive
1359099054353829889,Positive
1359098883414978563,Neutral
1359098776267333640,Positive
1359098541210103812,Negative
1359098442920849414,Neutral
1359098227392274437,Neutral
1359097991949242370,Negative
1359097624805056513,Neutral
1359097444055744518,Negative
1359097047383633923,Neutral
1359096970221002754,Negative
1359096871289933833,Neutral
1359096803518345220,Neutral
1359096789312237569,Neutral
1359096741883121664,Negative
1359096487821541380,Negative
1359096165308846097,Positive
1359096155469082628,Neutral
1359095698902294529,Neutral
1359095643654942720,Neutral
1359095018179317760,Neutral
1359094951045304320,Neutral
1359094947668848640,Neutral
1359094931193622528,Neutral
1359094808422150146,Neutral
1359094374550757381,Neutral
1359094286592036864,Neutral
1359094227024580610,Negative
1359094198306152451,Neutral
1359093914121084932,Negative
1359093785351737345,Positive
1359093625204822018,Neutral
1359093360712065025,Negative
1359093255409815557,Neutral
1359093236594221057,Positive
1359093111297765383,Neutral
1359092932049924101,Negative
1359092655968292870,Neutral
1359092637366591503,Neutral
1359092230787534849,Negative
1359091976587538435,Neutral
1359091886355402755,Neutral
1359091305456889860,Neutral
1359091304924254211,Neutral
1359090725384638470,Negative
1359090625195380740,Neutral
1359090280297766912,Positive
1359089090713452549,Neutral
1359089020110704642,Neutral
1359088881325334531,Negative
1359088857975648256,Negative
1359088369293160451,Negative
1359087498509520898,Positive
1359087253440524288,Negative
1359087215326883840,Neutral
1359087060506710016,Neutral
1359086860950118402,Neutral
1359085946151464966,Negative
1359085847983759360,Negative
1359085650872389632,Positive
1359085648813019138,Neutral
1359085531062173742,Positive
1359085017457065989,Positive
1359084897734860802,Positive
1359084598597099524,Positive
1359084330941784066,Neutral
1359084279607697410,Positive
1359084050212814848,Negative
1359084012371779584,Positive
1359083892460802050,Negative
1359083420404510720,Negative
1359083281065541633,Neutral
1359083053440589830,Neutral
1359082548475826177,Positive
1359082546328457216,Positive
1359082380779134976,Neutral
1359081904088043525,Neutral
1359081872651821060,Neutral
1359081870483357701,Positive
1359081840615690245,Negative
1359081616199438336,Negative
1359081304961085442,Negative
1359081255740919810,Neutral
1359081172626735104,Negative
1359081040988495875,Neutral
1359080980909182978,Negative
1359080960826830853,Neutral
1359080696363450368,Positive
1359080352883507200,Positive
1359080212684623874,Negative
1359080187380461571,Neutral
1359080136616759297,Neutral
1359080052873302019,Positive
1359079992433414147,Negative
1359079940491149319,Positive
1359079811042275334,Negative
1359079630666231814,Neutral
1359079595140476933,Neutral
1359079473035943940,Negative
1359079426118459396,Negative
1359079139781693449,Neutral
1359079101642932224,Negative
1359079087034126340,Neutral
1359078874974277632,Neutral
1359078763137433603,Neutral
1359078588318797824,Neutral
1359078443053326337,Neutral
1359078261251137537,Negative
1359078160889880582,Neutral
1359077971890298881,Negative
1359077553168809986,Positive
1359077115153371140,Negative
1359076857912520704,Positive
1359076849884614659,Negative
1359076448380747779,Positive
1359076331535757312,Negative
1359076230247583745,Neutral
1359076134709719043,Negative
1359075961669644289,Negative
1359075816756285443,Neutral
1359075795507896320,Negative
1359075678293921797,Neutral
1359075553387503618,Neutral
1359075475667046401,Negative
1359075404879855616,Neutral
1359075372017483776,Positive
1359075369131773953,Neutral
1359075207068061697,Neutral
1359074875613212675,Negative
1359074842184617985,Negative
1359074750383886337,Neutral
1359074570762911744,Neutral
1359074404907454468,Negative
1359074390952923143,Positive
1359074126913183748,Neutral
1359073847597666306,Positive
1359073742731710467,Neutral
1359073692983062529,Positive
1359073539584790528,Negative
1359073317605371908,Negative
1359072813815009280,Negative
1359072199747923971,Neutral
1359072028741890050,Negative
1359072023792652292,Positive
1359071892208902145,Neutral
1359071763762585603,Negative
1359071268213977093,Positive
1359071101762953216,Negative
1359070981298417672,Negative
1359070476622958594,Neutral
1359070336977752066,Negative
1359070319227457536,Positive
1359070135219232769,Positive
1359070080315789313,Positive
1359069537308536837,Negative
1359068964018483200,Negative
1359068450350526464,Negative
1359068432512126977,Neutral
1359068144011075585,Negative
1359067726350671876,Neutral
1359067688883027968,Neutral
1359067646432452610,Neutral
1359067572453298176,Neutral
1359066897573052416,Negative
1359066723647770624,Negative
1359066696900743169,Positive
1359066404289323010,Negative
1359066236336807941,Negative
1359065647846592515,Negative
1359065647414538241,Neutral
1359064992432091139,Negative
1359064951734763521,Neutral
1359064917748326400,Negative
1359064670116532225,Neutral
1359064234215100418,Neutral
1359064230192848896,Negative
1359063786179620864,Neutral
1359063775710638082,Neutral
1359063698904551424,Negative
1359063673776402432,Negative
1359063660283392000,Neutral
1359063459422371843,Negative
1359063375649468417,Neutral
1359062904134201347,Negative
1359062683073454082,Positive
1359062527569666051,Neutral
1359062083598360580,Negative
1359062025444315139,Negative
1359061868984213508,Neutral
1359061837023617025,Negative
1359061491752730628,Neutral
1359061123207630852,Negative
1359060727504412673,Neutral
1359060432711897093,Neutral
1359060331864027139,Positive
1359060059397922816,Negative
1359059785111379968,Negative
1359059645457788934,Negative
1359059533687975937,Negative
1359059446018674692,Negative
1359058125987319808,Positive
1359057873628667907,Negative
1359057627729256454,Negative
1359057627246850050,Negative
1359057583080759299,Positive
1359057390780305410,Neutral
1359056945773215744,Negative
1359056634249572355,Neutral
1359056110620082183,Neutral
1359056081079607299,Neutral
1359055947117727745,Negative
1359055793098661892,Neutral
1359055721522888705,Neutral
1359055500986306562,Neutral
1359054920519872516,Negative
1359054797698195456,Negative
1359054303139303424,Positive
1359054187061862401,Negative
1359054161296248838,Neutral
1359053971420188675,Negative
1359052428834840579,Neutral
1359052297167245312,Neutral
1359052148294602756,Neutral
1359052126320685056,Neutral
1359051884737093637,Negative
1359051261501349894,Negative
1359051208539860993,Neutral
1359050818771558406,Neutral
1359050706255241224,Negative
1359050411986935808,Positive
1359050118066917376,Positive
1359049709646606337,Neutral
1359049570261504000,Neutral
1359048566736515074,Neutral
1359047517694959619,Negative
1359046862100066309,Neutral
1359046386231119872,Negative
1359046373279105024,Neutral
1359045707039006720,Neutral
1359045624289587200,Negative
1359045605096493057,Negative
1359045515141287940,Positive
1359045487295295490,Positive
1359045306407559170,Negative
1359045185083113473,Negative
1359045162396045313,Negative
1359044848699936770,Neutral
1359044273929265160,Negative
1359044129691324417,Neutral
1359043846722572289,Negative
1359043413178347520,Negative
1359043287118536719,Negative
1359042968011698179,Negative
1359042540289236995,Negative
1359041915417600000,Negative
1359041900901142531,Negative
1359041549372256259,Negative
1359041430069538816,Negative
1359041135562268672,Negative
1359040996709814274,Positive
1359040577401094144,Positive
1359040356868780035,Negative
1359039794819395584,Positive
1359039698530799621,Positive
1359039472885657600,Negative
1359038920051224576,Neutral
1359038578437758980,Negative
1359038346480111626,Positive
1359038331300925441,Neutral
1359038306768486402,Negative
1359038293464084480,Negative
1359038128556814336,Neutral
1359038122634395648,Neutral
1359038116821143553,Neutral
1359038110735212544,Neutral
1359037511905943555,Negative
1359037508672057346,Positive
1359037418683338758,Positive
1359037296843001859,Neutral
1359037206661263361,Negative
1359037104274067456,Positive
1359036955061751809,Negative
1359036837885485056,Negative
1359036406803296256,Positive
1359035996759760897,Negative
1359035972722196480,Negative
1359035962966253568,Neutral
1359035804899708930,Negative
1359035482047348736,Negative
1359035338274996224,Neutral
1359035330515456000,Negative
1359035235380301826,Neutral
1359035127884513283,Negative
1359035052030533633,Neutral
1359034912188231681,Positive
1359034879778844674,Negative
1359034781149716482,Negative
1359034229712015360,Neutral
1359034111566909440,Negative
1359033977139433473,Positive
1359033849959780355,Positive
1359033816283635720,Neutral
1359033516957159424,Positive
1359033398291910656,Neutral
1359033257749172227,Negative
1359033222638673922,Negative
1359033114069065731,Negative
1359032756823490562,Positive
1359032396645945344,Positive
1359032378362982400,Neutral
1359032173517434883,Negative
1359032149781876736,Negative
1359032092126945288,Positive
1359032071688048643,Neutral
1359031802996772867,Positive
1359031759480922115,Neutral
1359031539221233668,Positive
1359031359352655872,Neutral
1359031335365398528,Neutral
1359031289626595329,Neutral
1359030991059177476,Neutral
1359030970586779650,Neutral
1359030872750518274,Neutral
1359030721298370565,Negative
1359030697457905665,Positive
1359030605636194305,Positive
1359030317806325760,Positive
1359030149040066563,Negative
1359029571010449409,Negative
1359029533186248707,Neutral
1359029510054637570,Positive
1359029499254378499,Negative
1359029475376197634,Neutral
1359029396309381122,Neutral
1359029396133326851,Negative
1359029156126724096,Negative
1359029002350981120,Positive
1359028766106808321,Negative
1359028684129148930,Positive
1359028648259407875,Positive
1359028643452751873,Neutral
1359028308055379968,Neutral
1359028111229083649,Positive
1359027883566534658,Negative
1359027621573533696,Neutral
1359027548739411972,Neutral
1359027394917453829,Negative
1359027274142547970,Negative
1359027133331300355,Neutral
1359026359905832967,Neutral
1359026255379636225,Positive
1359026023287848963,Positive
1359025988265336836,Negative
1359025858732716033,Negative
1359025752142843904,Neutral
1359025718701608965,Negative
1359025717493682177,Negative
1359025693028352006,Negative
1359025390057005057,Negative
1359025316899876864,Neutral
1359025254119669761,Positive
1359025121067814912,Neutral
1359024710609117184,Neutral
1359024615641681928,Neutral
1359024484619939841,Negative
1359024399186235393,Positive
1359024309621059585,Negative
1359024069492961280,Positive
1359023993714401295,Neutral
1359023837182976003,Neutral
1359023821651496965,Negative
1359023755553505281,Positive
1359023308977573889,Neutral
1359023255437209601,Negative
1359023201939042309,Negative
1359023013404921856,Negative
1359022970350411776,Neutral
1359022674584817667,Neutral
1359022656842960897,Negative
1359022544624340995,Negative
1359022538643279874,Neutral
1359022419772469252,Positive
1359022117317058563,Negative
1359022005090062338,Neutral
1359021912752492548,Negative
1359021897065787393,Negative
1359021889474023427,Negative
1359021812294717442,Negative
1359021809379667973,Negative
1359021693453275144,Negative
1359021330335555587,Negative
1359021239692496899,Positive
1359021031093006338,Neutral
1359021023245393921,Negative
1359020926486994944,Negative
1359020881809268736,Neutral
1359020835235766275,Negative
1359020689617940482,Negative
1359020622060265478,Neutral
1359020480225628163,Positive
1359020415511797761,Negative
1359020352819535873,Positive
1359020060845568000,Neutral
1359020037986603009,Neutral
1359019854381031427,Negative
1359019835905040384,Neutral
1359019835175280641,Neutral
1359019781693734914,Negative
1359019653884903425,Negative
1359019502671855618,Neutral
1359019479955431425,Negative
1359019366428233732,Negative
1359019332441837571,Positive
1359019321633038340,Positive
1359019247888834560,Negative
1359019071321243651,Neutral
1359018897781891075,Negative
1359018849299881985,Negative
1359018846179401729,Negative
1359018649739096065,Negative
1359018519694835712,Negative
1359018378871021575,Neutral
1359018146720477186,Positive
1359018137815900163,Negative
1359018044077428736,Negative
1359017977278992387,Neutral
1359017834743877632,Negative
1359017697669881857,Positive
1359017583974862852,Positive
1359017338868146177,Positive
1359017233595305984,Neutral
1359017150820753408,Negative
1359016992846479362,Negative
1359016962563612672,Positive
1359016952102985730,Neutral
1359016878950158340,Negative
1359016830086467584,Positive
1359016604541939720,Negative
1359016579162284034,Negative
1359016384865292288,Negative
1359016357132570625,Negative
1359016315294412805,Positive
1359016263532519429,Positive
1359016069927559171,Negative
1359016052571529216,Negative
1359015892189732868,Positive
1359015858605989889,Negative
1359015771037290498,Neutral
1359015122052673543,Neutral
1359015000031916034,Neutral
1359014692484575232,Neutral
1359014618337665024,Neutral
1359014596246347785,Neutral
1359014543813353473,Neutral
1359014217307750403,Negative
1359014070674804737,Positive
1359014038110310402,Neutral
1359013809411616768,Negative
1359013781574062080,Neutral
1359013459413790720,Negative
1359013447640383490,Negative
1359013399254822912,Neutral
1359013221558939651,Negative
1359013207478685697,Neutral
1359012985805545472,Negative
1359012834688913409,Negative
1359012713314226176,Negative
1359012650974257157,Positive
1359012111909720065,Neutral
1359012055425052674,Negative
1359011918086770688,Neutral
1359011714788823042,Neutral
1359011713509560320,Negative
1359011649483538432,Positive
1359011586963197953,Negative
1359011473926680582,Positive
1359011286957191168,Neutral
1359011281336889344,Neutral
1359011275246694401,Positive
1359011173497151494,Neutral
1359010420892131330,Negative
1359010287815282692,Negative
1359010259436675076,Positive
1359009645591859201,Positive
1359008953837867012,Positive
1359008818500304897,Neutral
1359008722970812418,Positive
1359008494385418240,Neutral
1359008423430348800,Positive
1359008410247847942,Neutral
1359008143703826432,Positive
1359008109608378374,Neutral
1359007980319105026,Negative
1359007893031325697,Negative
1359007880112836610,Negative
1359007877784956928,Negative
1359007802769874945,Neutral
1359007802337861632,Neutral
1359007771715248128,Negative
1359007769555132424,Positive
1359007424871419907,Negative
1359007412259151873,Negative
1359007320286531587,Negative
1359007057710641154,Negative
1359006889711857665,Neutral
1359006830576324610,Negative
1359006435233857536,Neutral
1359006345278623749,Neutral
1359006293181173762,Neutral
1359006111823585281,Neutral
1359005970148433921,Negative
1359005414331871234,Positive
1359005176397373441,Neutral
1359005003772354569,Positive
1359004833559138305,Positive
1359004797316157440,Negative
1359004751552122880,Neutral
1359004749253644288,Positive
1359004552536551426,Neutral
1359004486656618502,Neutral
1359004419216474112,Negative
1359004379026628611,Negative
1359004216094646276,Neutral
1359004167918919680,Positive
1359004122226167808,Negative
1359004077833682946,Negative
1359004042635079680,Neutral
1359003929460150273,Neutral
1359003853174181889,Neutral
1359003481281945604,Positive
1359003307713253377,Negative
1359003197520498688,Negative
1359003127676952580,Negative
1359002765456932865,Neutral
1359002221065605121,Negative
1359001952634327042,Neutral
1359001694244204548,Positive
1359001671783706629,Negative
1359001629693890562,Negative
1359001626766319620,Positive
1359001356820901888,Negative
1359001348302200832,Positive
1359001249962631174,Negative
1359000789654491140,Positive
1359000472716152832,Positive
1359000251747586049,Neutral
1359000191781662720,Negative
1359000034667188229,Neutral
1358999738146643969,Neutral
1358999557338615812,Neutral
1358999516708442115,Neutral
1358999238730895361,Negative
1358999177787699203,Positive
1358998768750764032,Positive
1358998697892188161,Negative
1358998682025119748,Neutral
1358998537468452865,Neutral
1358998401866604545,Positive
1358998396011352065,Negative
1358998260061401088,Neutral
1358998056126074882,Positive
1358997869986869248,Positive
1358997859073286146,Neutral
1358997798201397256,Neutral
1358997753523695616,Neutral
1358997531057811456,Positive
1358997394520563713,Negative
1358997381623152644,Positive
1358997351390613507,Positive
1358997224001212417,Neutral
1358997057483100161,Positive
1358996791044108288,Positive
1358996683984494593,Positive
1358996163538550789,Negative
1358996008462553088,Neutral
1358995873070387200,Neutral
1358995844104474626,Negative
1358995621328265221,Positive
1358995593859768321,Negative
1358995316645654528,Positive
1358995133245521923,Positive
1358994939443486728,Neutral
1358994403260436480,Negative
1358994153930035202,Negative
1358993118100553730,Neutral
1358993066867101701,Positive
1358992982184087552,Negative
1358992232481607680,Neutral
1358992195148161024,Positive
1358991047766855684,Negative
1358990677443371010,Neutral
1358990562666246145,Negative
1358990427672571910,Neutral
1358990376179171328,Negative
1358989980782137346,Neutral
1358989970598318082,Negative
1358989719208513536,Negative
1358989707204435968,Positive
1358989535653158921,Neutral
1358989380585623555,Neutral
1358989303540424704,Negative
1358989161793953795,Negative
1358988439610290179,Neutral
1358987959769341953,Negative
1358987737081081858,Negative
1358987455412674561,Negative
1358987321245192193,Neutral
1358986743937044484,Neutral
1358986474335608835,Negative
1358986203073159177,Neutral
1358986045774123008,Positive
1358986043601559553,Neutral
1358985946184622088,Negative
1358985747047411715,Negative
1358985475709566978,Negative
1358985407153664000,Positive
1358985132540006403,Negative
1358985074406948867,Neutral
1358985032749096962,Neutral
1358984992970272768,Positive
1358984806927794178,Neutral
1358984440613986307,Neutral
1358984326742822914,Positive
1358984256358260736,Negative
1358984198774661120,Negative
1358984014573363205,Neutral
1358983985670418434,Neutral
1358983906834272264,Negative
1358983879692931076,Negative
1358983136479072258,Positive
1358983108058468359,Neutral
1358982377456898056,Positive
1358982289590374406,Negative
1358981840837562372,Positive
1358981582011305993,Neutral
1358981555717251078,Positive
1358981502646714368,Neutral
1358981474276564995,Negative
1358981466504351748,Neutral
1358981262304710657,Neutral
1358981160592830464,Negative
1358981076501204994,Positive
1358981026366722053,Positive
1358980704592297988,Negative
1358980674397429762,Neutral
1358979670855720961,Neutral
1358979267304955905,Neutral
1358978729096060933,Negative
1358977972586225665,Neutral
1358977962486337537,Negative
1358977945113489410,Positive
1358977687671345152,Neutral
1358977099428634626,Negative
1358977002431148032,Negative
1358976956969021443,Positive
1358976616580358144,Neutral
1358976544044027907,Negative
1358976474993238019,Neutral
1358976141688676352,Neutral
1358976112215302146,Positive
1358975956560486402,Neutral
1358975482067226624,Neutral
1358975361288085504,Neutral
1358975309526102019,Neutral
1358975282397421569,Neutral
1358975085055418372,Neutral
1358974020377448451,Positive
1358973931261075458,Negative
1358972674727268357,Negative
1358971870339424261,Negative
1358971845404356612,Negative
1358971834364956672,Neutral
1358971447016755202,Neutral
1358971248533860352,Neutral
1358970956174163968,Neutral
1358970897843900418,Neutral
1358970777991716866,Neutral
1358970662480617475,Positive
